acc	sparsity	model
0.9491999745368958	0.7692922949790955	resnet18
0.9553999900817871	0.7997427582740784	skresnet18
0.9508000016212463	0.7747418880462646	ssl_resnet18
